<?xml version="1.0" encoding="UTF-8"?>
<project-private xmlns="http://www.netbeans.org/ns/project-private/1">
    <editor-bookmarks xmlns="http://www.netbeans.org/ns/editor-bookmarks/2" lastBookmarkId="1">
        <file>
            <url>src/PA7TicTacToe/TicTacToeJFController.java</url>
            <bookmark id="1">
                <name/>
                <line>177</line>
                <key/>
            </bookmark>
        </file>
    </editor-bookmarks>
    <open-files xmlns="http://www.netbeans.org/ns/projectui-open-files/2">
        <group>
            <file>file:/C:/Users/Gabyc/OneDrive/Documents/Spring%202021/CPS%20202/PA7TicTacToeCalderon/src/PA7TicTacToe/TicTacToeModel.java</file>
            <file>file:/C:/Users/Gabyc/OneDrive/Documents/Spring%202021/CPS%20202/PA7TicTacToeCalderon/src/PA7TicTacToe/TicTacToeJFController.java</file>
            <file>file:/C:/Users/Gabyc/OneDrive/Documents/Spring%202021/CPS%20202/PA7TicTacToeCalderon/src/PA7TicTacToe/PA7MainCalderon.java</file>
            <file>file:/C:/Users/Gabyc/OneDrive/Documents/Spring%202021/CPS%20202/PA7TicTacToeCalderon/src/PA7TicTacToe/TicTacToeJFView.java</file>
        </group>
    </open-files>
</project-private>
